{
    "last_entry_time": 1775400224.932759,
    "entry": 2,
    "contents": [
        {
            "path": "2026-04-05.md",
            "entry": 1,
            "timestamp": 1775401973.435378
        }
    ]
}